{
  "project_info": {
    "project_number": "1054657680909",
    "project_id": "instagranshop-5ea11",
    "storage_bucket": "instagranshop-5ea11.appspot.com"
  },
  "client": [
    {
      "client_info": {
        "mobilesdk_app_id": "1:1054657680909:android:716f8192f438a19f192744",
        "android_client_info": {
          "package_name": "com.example.myapplicationshani"
        }
      },
      "oauth_client": [],
      "api_key": [
        {
          "current_key": "AIzaSyBL03eQ6BDIQoLBP1aDvcxaXBg5qvZYXXI"
        }
      ],
      "services": {
        "appinvite_service": {
          "other_platform_oauth_client": []
        }
      }
    }
  ],
  "configuration_version": "1"
}